{
	"description":"Response for /users/user resource.",
	"type":"object",
	"properties":{
		"status":{"type":"string"},
		"message":{"type":"string"},
		"data":{
			"type":"object",
			"properties":{
				"userid":{"type":"integer"},
				"username":{"type":"string"},
				"useremail":{"type":"string"},
				"userfirstname":{"type":"string"},
				"userlastname":{"type":"string"},
				"userrole":{"type":"string"},
				"clientid":{"type":"integer"},
				"clientname":{"type":"string"}
			}
		}
	}
}